{
       "objects":[
              {
              "height":38.7323943661972,
              "id":16,
              "name":"",
              "rotation":0,
              "type":"",
              "visible":true,
              "width":223.004694835681,
              "x":735.915492957747,
              "y":764.084507042254
              },
              {
              "height":64.5539906103286,
              "id":18,
              "name":"",
              "rotation":0,
              "type":"",
              "visible":true,
              "width":59.8591549295774,
              "x":994.131455399061,
              "y":639.671361502348
              },
              {
              "height":61.0328638497652,
              "id":19,
              "name":"",
              "rotation":0,
              "type":"",
              "visible":true,
              "width":59.8591549295775,
              "x":1088.02816901408,
              "y":639.671361502348
              },
              {
              "height":37.5586854460093,
              "id":20,
              "name":"",
              "rotation":0,
              "type":"",
              "visible":true,
              "width":226.525821596244,
              "x":733.568075117371,
              "y":857.981220657277
              },
              {
              "height":2400.04676174889,
              "id":21,
              "name":"",
              "rotation":0,
              "type":"",
              "visible":true,
              "width":162.497077390694,
              "x":-4.67617488894084,
              "y":-1.16904372223521
              },
              {
              "height":33.4168755221385,
              "id":23,
              "name":"",
              "rotation":0,
              "type":"",
              "visible":true,
              "width":2076.02339181287,
              "x":162.907268170426,
              "y":2142.85714285714
              },
              {
              "height":37.593984962406,
              "id":24,
              "name":"",
              "rotation":0,
              "type":"",
              "visible":true,
              "width":2080.20050125313,
              "x":162.907268170426,
              "y":29.2397660818713
              },
              {
              "height":2406.01503759398,
              "id":25,
              "name":"",
              "rotation":0,
              "type":"",
              "visible":true,
              "width":158.730158730159,
              "x":2243.10776942356,
              "y":-8.35421888053467
              }
       ]
}